x,cuentas,prob
-124,1,0.00001000
-122,2,0.00002000
-120,3,0.00003000
-118,7,0.00007000
-116,2,0.00002000
-114,6,0.00006000
-112,5,0.00005000
-110,8,0.00008000
-108,13,0.00013000
-106,10,0.00010000
-104,6,0.00006000
-102,15,0.00015000
-100,17,0.00017000
-98,24,0.00024000
-96,30,0.00030000
-94,32,0.00032000
-92,38,0.00038000
-90,51,0.00051000
-88,52,0.00052000
-86,71,0.00071000
-84,76,0.00076000
-82,81,0.00081000
-80,113,0.00113000
-78,120,0.00120000
-76,155,0.00155000
-74,167,0.00167000
-72,192,0.00192000
-70,203,0.00203000
-68,244,0.00244000
-66,316,0.00316000
-64,340,0.00340000
-62,352,0.00352000
-60,411,0.00411000
-58,434,0.00434000
-56,551,0.00551000
-54,597,0.00597000
-52,632,0.00632000
-50,708,0.00708000
-48,791,0.00791000
-46,848,0.00848000
-44,948,0.00948000
-42,1077,0.01077000
-40,1101,0.01101000
-38,1227,0.01227000
-36,1338,0.01338000
-34,1425,0.01425000
-32,1522,0.01522000
-30,1619,0.01619000
-28,1706,0.01706000
-26,1768,0.01768000
-24,1908,0.01908000
-22,1939,0.01939000
-20,2015,0.02015000
-18,2191,0.02191000
-16,2122,0.02122000
-14,2204,0.02204000
-12,2526,0.02526000
-10,2358,0.02358000
-8,2391,0.02391000
-6,2545,0.02545000
-4,2646,0.02646000
-2,2545,0.02545000
0,2447,0.02447000
2,2533,0.02533000
4,2455,0.02455000
6,2314,0.02314000
8,2514,0.02514000
10,2359,0.02359000
12,2345,0.02345000
14,2310,0.02310000
16,2215,0.02215000
18,2186,0.02186000
20,2050,0.02050000
22,1936,0.01936000
24,1876,0.01876000
26,1816,0.01816000
28,1690,0.01690000
30,1605,0.01605000
32,1538,0.01538000
34,1388,0.01388000
36,1379,0.01379000
38,1215,0.01215000
40,1166,0.01166000
42,1074,0.01074000
44,976,0.00976000
46,893,0.00893000
48,779,0.00779000
50,712,0.00712000
52,591,0.00591000
54,588,0.00588000
56,530,0.00530000
58,470,0.00470000
60,430,0.00430000
62,354,0.00354000
64,369,0.00369000
66,298,0.00298000
68,249,0.00249000
70,224,0.00224000
72,184,0.00184000
74,176,0.00176000
76,130,0.00130000
78,136,0.00136000
80,113,0.00113000
82,100,0.00100000
84,69,0.00069000
86,64,0.00064000
88,55,0.00055000
90,48,0.00048000
92,42,0.00042000
94,27,0.00027000
96,28,0.00028000
98,16,0.00016000
100,16,0.00016000
102,13,0.00013000
104,12,0.00012000
106,9,0.00009000
108,4,0.00004000
110,7,0.00007000
112,8,0.00008000
114,4,0.00004000
116,5,0.00005000
118,3,0.00003000
122,1,0.00001000
126,3,0.00003000
