dim,N,S,P,mediana,q1,q3,T1,speedup,eficiencia
1,100000,100,1,0.0990715,0.09828225,0.10142425000000001,0.0990715,1.0,1.0
1,100000,100,2,0.058165999999999995,0.053331,0.0626435,0.0990715,1.703254478561359,0.8516272392806795
1,100000,100,3,0.051122,0.048153249999999995,0.052249000000000004,0.0990715,1.937942568757091,0.6459808562523637
1,100000,100,4,0.0388475,0.03838775,0.04332,0.0990715,2.5502670699530214,0.6375667674882554
1,100000,100,5,0.064068,0.052333,0.071237,0.0990715,1.5463491914840484,0.30926983829680965
1,100000,100,6,0.0570575,0.055083,0.05916475,0.0990715,1.7363449152171058,0.289390819202851
1,100000,100,7,0.049226500000000006,0.047545000000000004,0.064177,0.0990715,2.0125643708165315,0.2875091958309331
1,100000,100,8,0.0530905,0.0396415,0.06154525,0.0990715,1.8660871530688166,0.23326089413360207
1,100000,100,9,0.058076,0.0539425,0.07150925,0.0990715,1.7058940009642538,0.18954377788491708
1,100000,100,10,0.051699499999999995,0.048569,0.0535825,0.0990715,1.9162951285795804,0.19162951285795804
1,100000,100,11,0.0521745,0.043255,0.0556085,0.0990715,1.8988490546148025,0.1726226413286184
1,100000,100,12,0.0500365,0.04185575,0.05155,0.0990715,1.9799846112337995,0.16499871760281662
1,100000,100,13,0.048151,0.04600475,0.05707425,0.0990715,2.0575169778405433,0.15827053675696487
1,100000,100,14,0.0497685,0.0445255,0.05688275,0.0990715,1.990646694194119,0.1421890495852942
1,100000,100,15,0.0499045,0.0482285,0.05304075,0.0990715,1.9852217735875524,0.13234811823917017
1,100000,100,16,0.0484275,0.047287,0.04942875,0.0990715,2.0457694491766043,0.12786059057353777
1,100000,100,17,0.049187499999999995,0.04656475,0.058298,0.0990715,2.014160101651843,0.11848000597952017
1,100000,100,18,0.0487925,0.047195749999999995,0.05086625,0.0990715,2.0304657478096018,0.11280365265608899
1,100000,100,19,0.047014,0.044492,0.049111,0.0990715,2.1072765559195137,0.1109092924168165
1,100000,100,20,0.047255000000000005,0.0445815,0.05017825,0.0990715,2.096529467781187,0.10482647338905934
1,100000,100,21,0.0502175,0.045281249999999995,0.0534915,0.0990715,1.9728481107183753,0.09394514812944645
1,100000,100,22,0.0505805,0.0473485,0.05361925,0.0990715,1.9586896135862637,0.08903134607210289
1,100000,100,23,0.0439875,0.04172325,0.0448305,0.0990715,2.252264847968173,0.09792455860731186
1,100000,100,24,0.046365,0.04452425,0.04968625,0.0990715,2.136773428232503,0.0890322261763543
1,100000,1000,1,1.0385745,1.01212375,1.0621535,1.0385745,1.0,1.0
1,100000,1000,2,0.5705775,0.5539405,0.59035,1.0385745,1.820216359740789,0.9101081798703945
1,100000,1000,3,0.46267,0.44341525000000004,0.50553875,1.0385745,2.244741392353081,0.7482471307843603
1,100000,1000,4,0.3842465,0.37658674999999997,0.395918,1.0385745,2.7028860379990447,0.6757215094997612
1,100000,1000,5,0.4637285,0.435998,0.48883,1.0385745,2.2396175779577923,0.44792351559155846
1,100000,1000,6,0.444831,0.42207275,0.46372075,1.0385745,2.3347619657802627,0.38912699429671044
1,100000,1000,7,0.4516775,0.447392,0.51066875,1.0385745,2.2993717862855685,0.3284816837550812
1,100000,1000,8,0.4190305,0.40733,0.439434,1.0385745,2.4785176735345043,0.30981470919181303
1,100000,1000,9,0.421209,0.402675,0.424788,1.0385745,2.465698738630941,0.273966526514549
1,100000,1000,10,0.4062565,0.399798,0.41753925,1.0385745,2.556450173720297,0.2556450173720297
1,100000,1000,11,0.433005,0.41897249999999997,0.44177299999999997,1.0385745,2.3985277306266672,0.2180479755115152
1,100000,1000,12,0.40068499999999996,0.3889,0.41935,1.0385745,2.5919974543594098,0.21599978786328414
1,100000,1000,13,0.39341800000000005,0.38944375000000003,0.40720175000000003,1.0385745,2.6398753997020976,0.2030673384386229
1,100000,1000,14,0.396044,0.39233250000000003,0.4118105,1.0385745,2.6223715041763036,0.1873122502983074
1,100000,1000,15,0.4318495,0.4147625,0.48900124999999994,1.0385745,2.4049454729020177,0.16032969819346785
1,100000,1000,16,0.3938975,0.38612925000000003,0.39512225,1.0385745,2.636661821920677,0.1647913638700423
1,100000,1000,17,0.41306600000000004,0.40645149999999997,0.42144675,1.0385745,2.5143064304493707,0.1479003782617277
1,100000,1000,18,0.40241,0.39143025,0.4149755,1.0385745,2.5808864093834645,0.14338257829908135
1,100000,1000,19,0.402219,0.399652,0.41118750000000004,1.0385745,2.5821119837700355,0.1359006307247387
1,100000,1000,20,0.3957595,0.38680975,0.40209374999999997,1.0385745,2.6242566508195,0.131212832540975
1,100000,1000,21,0.399123,0.39567675,0.41025925,1.0385745,2.602141445118422,0.12391149738659153
1,100000,1000,22,0.392501,0.38580875,0.397993,1.0385745,2.646042940017987,0.12027467909172668
1,100000,1000,23,0.4001565,0.39939625,0.4010995,1.0385745,2.5954207916152803,0.11284438224414262
1,100000,1000,24,0.3942735,0.38921374999999997,0.40141025,1.0385745,2.6341473621737195,0.10975614009057165
1,100000,10000,1,8.868675,8.857007,8.915644,8.868675,1.0,1.0
1,100000,10000,2,5.1733675,5.165556,5.255625,8.868675,1.7142944126818749,0.8571472063409374
1,100000,10000,3,3.938767,3.9197492499999997,3.9975235,8.868675,2.251637377890086,0.7505457926300286
1,100000,10000,4,3.4743424999999997,3.45242275,3.5201775,8.868675,2.552619668325734,0.6381549170814335
1,100000,10000,5,3.7183770000000003,3.630155,4.2713095,8.868675,2.3850930123545835,0.4770186024709167
1,100000,10000,6,3.675779,3.60409375,4.70313275,8.868675,2.412733464117402,0.40212224401956703
1,100000,10000,7,3.7173745,3.6464245,4.87978225,8.868675,2.3857362232403543,0.34081946046290773
1,100000,10000,8,3.5244925,3.49655825,3.5710367499999998,8.868675,2.5162984458046087,0.3145373057255761
1,100000,10000,9,3.5821579999999997,3.55082225,3.7933725000000003,8.868675,2.4757911292578387,0.27508790325087096
1,100000,10000,10,3.5051354999999997,3.4751385,3.9676,8.868675,2.530194624430354,0.2530194624430354
1,100000,10000,11,3.7755195,3.6794835,3.8647542500000003,8.868675,2.3489946217997284,0.21354496561815714
1,100000,10000,12,3.486685,3.4714057499999997,3.560999,8.868675,2.5435836618449903,0.2119653051537492
1,100000,10000,13,3.5106754999999996,3.49775875,3.5397790000000002,8.868675,2.526201866279011,0.19432322048300085
1,100000,10000,14,3.4945424999999997,3.4848215,3.502693,8.868675,2.5378643985586096,0.1812760284684721
1,100000,10000,15,3.7058695,3.64915875,3.74088775,8.868675,2.393142823836619,0.15954285492244127
1,100000,10000,16,3.5395195,3.481006,3.5752390000000003,8.868675,2.505615522106885,0.1566009701316803
1,100000,10000,17,3.5666145,3.49775875,3.66867475,8.868675,2.486580761671888,0.14626945656893459
1,100000,10000,18,3.489234,3.464645,3.53883775,8.868675,2.5417254904658155,0.1412069716925453
1,100000,10000,19,3.6210775,3.590876,3.6531855,8.868675,2.4491812174691097,0.12890427460363735
1,100000,10000,20,3.4876655,3.47131575,3.5166785000000003,8.868675,2.54286857498232,0.127143428749116
1,100000,10000,21,3.595628,3.5389227500000002,3.6719705,8.868675,2.466516280327108,0.11745315620605276
1,100000,10000,22,3.5098365,3.48495125,3.6111355,8.868675,2.526805735822737,0.11485480617376077
1,100000,10000,23,3.634174,3.6217395,3.64180325,8.868675,2.440355084814321,0.106102394991927
1,100000,10000,24,3.5138415,3.4677759999999997,3.5922525,8.868675,2.523925737686233,0.10516357240359304
2,100000,100,1,0.1481035,0.147429,0.14939724999999998,0.1481035,1.0,1.0
2,100000,100,2,0.08565049999999999,0.08216699999999999,0.09278625,0.1481035,1.7291609506074106,0.8645804753037053
2,100000,100,3,0.07325699999999999,0.0695795,0.07541300000000001,0.1481035,2.0216975852137,0.6738991950712333
2,100000,100,4,0.055421,0.0548595,0.0593005,0.1481035,2.672335396329911,0.6680838490824778
2,100000,100,5,0.1000895,0.09927,0.1043035,0.1481035,1.4797106589602307,0.29594213179204615
2,100000,100,6,0.0820585,0.07939375,0.094956,0.1481035,1.80485263561971,0.30080877260328504
2,100000,100,7,0.069968,0.067716,0.085686,0.1481035,2.1167319345986737,0.3023902763712391
2,100000,100,8,0.059324,0.056287000000000004,0.0825395,0.1481035,2.496519115366462,0.31206488942080773
2,100000,100,9,0.0739495,0.06954525,0.078669,0.1481035,2.0027654007126485,0.22252948896807206
2,100000,100,10,0.07386799999999999,0.07148225,0.0904985,0.1481035,2.004975090702334,0.2004975090702334
2,100000,100,11,0.0678415,0.061891,0.07817075000000001,0.1481035,2.1830811523919724,0.19846192294472476
2,100000,100,12,0.06785,0.061912,0.07120699999999999,0.1481035,2.182807663964628,0.181900638663719
2,100000,100,13,0.067537,0.06671175,0.06949675,0.1481035,2.1929238787627523,0.1686864522125194
2,100000,100,14,0.0634815,0.0619705,0.06721474999999999,0.1481035,2.3330182809164874,0.16664416292260625
2,100000,100,15,0.061696,0.0598095,0.06644975,0.1481035,2.4005365015560165,0.1600357667704011
2,100000,100,16,0.06542300000000001,0.06365950000000001,0.06934325,0.1481035,2.2637833789340136,0.14148646118337585
2,100000,100,17,0.065446,0.06414175,0.06934625,0.1481035,2.2629878067414357,0.13311692980831974
2,100000,100,18,0.0688035,0.06601625,0.07344025,0.1481035,2.1525576460499827,0.11958653589166571
2,100000,100,19,0.065853,0.0607055,0.07009375,0.1481035,2.249001564089715,0.1183685033731429
2,100000,100,20,0.065364,0.060984000000000003,0.074365,0.1481035,2.265826754788568,0.11329133773942841
2,100000,100,21,0.0691225,0.06787599999999999,0.070486,0.1481035,2.142623603023617,0.10202969538207701
2,100000,100,22,0.06307,0.06070875,0.0659835,0.1481035,2.348240050737276,0.10673818412442163
2,100000,100,23,0.0644075,0.0628095,0.06798325,0.1481035,2.299475992702713,0.099977217074031
2,100000,100,24,0.06464049999999999,0.0630755,0.06907875,0.1481035,2.2911874134636956,0.09546614222765398
2,100000,1000,1,1.4827045,1.4785495,1.50342675,1.4827045,1.0,1.0
2,100000,1000,2,0.861658,0.85427075,0.872063,1.4827045,1.7207575395342467,0.8603787697671234
2,100000,1000,3,0.662885,0.6494712499999999,0.6789065,1.4827045,2.2367446842212453,0.7455815614070818
2,100000,1000,4,0.556599,0.5543595,0.57235425,1.4827045,2.663864829078026,0.6659662072695065
2,100000,1000,5,0.6849365000000001,0.6257492499999999,0.7304437500000001,1.4827045,2.1647327890979673,0.43294655781959346
2,100000,1000,6,0.660215,0.62614725,0.68213225,1.4827045,2.2457903864650155,0.37429839774416923
2,100000,1000,7,0.6552465000000001,0.65058825,0.6703045000000001,1.4827045,2.2628194122364635,0.3232599160337805
2,100000,1000,8,0.5771364999999999,0.56559925,0.60163175,1.4827045,2.569070748427799,0.32113384355347485
2,100000,1000,9,0.6014459999999999,0.5847567499999999,0.61174675,1.4827045,2.465232955244528,0.2739147728049475
2,100000,1000,10,0.590697,0.5785875,0.661936,1.4827045,2.510093161129987,0.2510093161129987
2,100000,1000,11,0.627799,0.60967925,0.6418969999999999,1.4827045,2.361750337289483,0.2147045761172257
2,100000,1000,12,0.5747765,0.5670005,0.5900734999999999,1.4827045,2.5796192085097425,0.21496826737581187
2,100000,1000,13,0.5900995,0.5846045,0.59485675,1.4827045,2.512634733633904,0.1932795948949157
2,100000,1000,14,0.5743595,0.5636665000000001,0.58147225,1.4827045,2.5814920794380525,0.18439229138843233
2,100000,1000,15,0.5966255,0.587716,0.6046819999999999,1.4827045,2.485151070478885,0.16567673803192567
2,100000,1000,16,0.578314,0.5676479999999999,0.593764,1.4827045,2.5638398862901473,0.1602399928931342
2,100000,1000,17,0.5923674999999999,0.5696345,0.60770475,1.4827045,2.503014598201286,0.14723615283536978
2,100000,1000,18,0.574804,0.57319925,0.575834,1.4827045,2.5794957933486895,0.14330532185270498
2,100000,1000,19,0.5974075,0.58682225,0.60465,1.4827045,2.4818980344237396,0.13062621233809155
2,100000,1000,20,0.591363,0.5748215,0.6012875,1.4827045,2.507266264544789,0.12536331322723945
2,100000,1000,21,0.5991185,0.5853035,0.6150495,1.4827045,2.4748100751353865,0.11784809881597079
2,100000,1000,22,0.585507,0.57781625,0.6096685,1.4827045,2.5323429096492442,0.11510649589314746
2,100000,1000,23,0.591417,0.5869055000000001,0.59618875,1.4827045,2.507037335754637,0.10900162329367986
2,100000,1000,24,0.5878099999999999,0.58213925,0.59604175,1.4827045,2.522421360643746,0.10510089002682275
2,100000,10000,1,14.351804,14.260494,14.44896475,14.351804,1.0,1.0
2,100000,10000,2,8.1495775,8.0789855,8.2268695,14.351804,1.7610488396484358,0.8805244198242179
2,100000,10000,3,6.2240135,6.171730999999999,6.2752625,14.351804,2.305876103899839,0.768625367966613
2,100000,10000,4,5.299704,5.29311125,5.3741685,14.351804,2.7080387885814,0.67700969714535
2,100000,10000,5,5.5518944999999995,5.5343160000000005,5.58108075,14.351804,2.585028227751806,0.5170056455503612
2,100000,10000,6,5.500463,5.463426500000001,5.696962,14.351804,2.609199261953039,0.43486654365883987
2,100000,10000,7,5.6822845,5.610158500000001,5.823648,14.351804,2.525710213911324,0.3608157448444748
2,100000,10000,8,5.368088,5.28797875,5.5896955,14.351804,2.673541119296107,0.33419263991201337
2,100000,10000,9,5.4132275,5.32286575,5.686199,14.351804,2.6512471533849262,0.29458301704276957
2,100000,10000,10,5.5756440000000005,5.30867325,5.7100175,14.351804,2.5740172794389307,0.25740172794389304
2,100000,10000,11,5.7677689999999995,5.71779875,5.78945325,14.351804,2.4882764895750853,0.22620695359773502
2,100000,10000,12,5.2937085,5.282644749999999,5.391171,14.351804,2.7111058344070136,0.22592548620058447
2,100000,10000,13,5.346156,5.3220149999999995,5.410326,14.351804,2.684509019190611,0.20650069378389316
2,100000,10000,14,5.3145880000000005,5.30325775,5.327472,14.351804,2.700454673062145,0.19288961950443892
2,100000,10000,15,5.589221,5.5670055000000005,5.62837325,14.351804,2.567764631242887,0.17118430874952578
2,100000,10000,16,5.3854775,5.2987715,5.45230975,14.351804,2.6649083577082995,0.16655677235676872
2,100000,10000,17,5.403752,5.37710025,5.4630909999999995,14.351804,2.65589612550687,0.1562291838533453
2,100000,10000,18,5.3336025,5.3039995,5.41987525,14.351804,2.690827447302269,0.14949041373901495
2,100000,10000,19,5.5124955,5.47547325,5.747486,14.351804,2.603503984719806,0.13702652551156874
2,100000,10000,20,5.3939175,5.33206325,5.49833025,14.351804,2.6607385077728756,0.13303692538864378
2,100000,10000,21,5.5104585,5.4134365,5.769213499999999,14.351804,2.6044663978505596,0.12402220942145521
2,100000,10000,22,5.4355215,5.344093,5.495055750000001,14.351804,2.6403729614536524,0.12001695279334784
2,100000,10000,23,5.489891,5.402450249999999,5.5431065,14.351804,2.6142238525318624,0.1136619066318201
2,100000,10000,24,5.3990065000000005,5.350709,5.49611,14.351804,2.658230546675578,0.1107596061114824
