dim,N,S,P,tiempo,dist_media,rep
1,100000,1000,1,0.984261,25.075140,1
1,100000,1000,2,0.544324,25.149360,1
1,100000,1000,3,0.472973,25.186280,1
1,100000,1000,4,0.409353,25.214800,1
1,100000,1000,5,0.478576,25.193640,1
1,100000,1000,6,0.502004,25.198300,1
1,100000,1000,7,0.441849,25.209120,1
1,100000,1000,8,0.409022,25.206800,1
1,100000,1000,9,0.397708,25.251040,1
1,100000,1000,10,0.418050,25.242080,1
1,100000,1000,11,0.414316,25.220660,1
1,100000,1000,12,0.478188,25.256740,1
1,100000,1000,13,0.432558,25.270760,1
1,100000,1000,14,0.412492,25.282420,1
1,100000,1000,15,0.436002,25.307340,1
1,100000,1000,16,0.394832,25.346400,1
1,100000,1000,17,0.424785,25.301900,1
1,100000,1000,18,0.388519,25.317700,1
1,100000,1000,19,0.398175,25.309140,1
1,100000,1000,20,0.388474,25.338720,1
1,100000,1000,21,0.388462,25.340300,1
1,100000,1000,22,0.383385,25.353040,1
1,100000,1000,23,0.390084,25.355360,1
1,100000,1000,24,0.392401,25.345120,1
1,100000,100,1,0.098762,7.964240,1
1,100000,100,2,0.056958,7.946600,1
1,100000,100,3,0.052429,7.944440,1
1,100000,100,4,0.040935,7.987520,1
1,100000,100,5,0.046821,7.971180,1
1,100000,100,6,0.057444,7.975920,1
1,100000,100,7,0.045751,7.987820,1
1,100000,100,8,0.057214,7.985200,1
1,100000,100,9,0.056589,7.986200,1
1,100000,100,10,0.048553,7.990780,1
1,100000,100,11,0.042660,7.999300,1
1,100000,100,12,0.038109,7.992480,1
1,100000,100,13,0.058900,7.982740,1
1,100000,100,14,0.069555,7.983860,1
1,100000,100,15,0.042102,7.974660,1
1,100000,100,16,0.047216,7.986920,1
1,100000,100,17,0.047071,7.977480,1
1,100000,100,18,0.064310,7.978980,1
1,100000,100,19,0.043358,7.978080,1
1,100000,100,20,0.044143,7.971000,1
1,100000,100,21,0.041171,7.972080,1
1,100000,100,22,0.042120,7.973180,1
1,100000,100,23,0.043701,7.976560,1
1,100000,100,24,0.110632,7.980660,1
1,100000,10000,1,8.842230,79.729740,1
1,100000,10000,2,5.284826,79.609080,1
1,100000,10000,3,3.872031,79.535160,1
1,100000,10000,4,3.424722,79.754880,1
1,100000,10000,5,3.558406,79.662140,1
1,100000,10000,6,3.576310,79.682760,1
1,100000,10000,7,3.648772,79.738720,1
1,100000,10000,8,3.484142,79.740300,1
1,100000,10000,9,3.530676,79.837900,1
1,100000,10000,10,3.447302,79.884860,1
1,100000,10000,11,3.747631,79.911420,1
1,100000,10000,12,3.454957,79.917840,1
1,100000,10000,13,3.431723,79.873180,1
1,100000,10000,14,3.486563,79.848640,1
1,100000,10000,15,3.491214,79.906520,1
1,100000,10000,16,3.443841,79.988700,1
1,100000,10000,17,3.502918,80.050220,1
1,100000,10000,18,3.445030,79.979200,1
1,100000,10000,19,3.595670,80.082660,1
1,100000,10000,20,3.417558,80.001540,1
1,100000,10000,21,3.610567,80.021300,1
1,100000,10000,22,3.452518,79.978920,1
1,100000,10000,23,3.632063,79.892660,1
1,100000,10000,24,3.462874,79.855860,1
2,100000,1000,1,1.469148,28.015027,1
2,100000,1000,2,0.829305,28.011264,1
2,100000,1000,3,0.666692,28.102514,1
2,100000,1000,4,0.548282,28.091974,1
2,100000,1000,5,0.716453,28.110929,1
2,100000,1000,6,0.675491,28.125224,1
2,100000,1000,7,0.709321,28.115438,1
2,100000,1000,8,0.573099,28.152358,1
2,100000,1000,9,0.567886,28.143927,1
2,100000,1000,10,0.570599,28.140643,1
2,100000,1000,11,0.623999,28.131151,1
2,100000,1000,12,0.565170,28.113440,1
2,100000,1000,13,0.584581,28.115802,1
2,100000,1000,14,0.560145,28.119853,1
2,100000,1000,15,0.586427,28.130993,1
2,100000,1000,16,0.562167,28.117356,1
2,100000,1000,17,0.578798,28.125532,1
2,100000,1000,18,0.575921,28.131090,1
2,100000,1000,19,0.595302,28.119374,1
2,100000,1000,20,0.567730,28.120833,1
2,100000,1000,21,0.585785,28.113168,1
2,100000,1000,22,0.611518,28.101023,1
2,100000,1000,23,0.588038,28.086397,1
2,100000,1000,24,0.586274,28.088713,1
2,100000,100,1,0.147124,8.866495,1
2,100000,100,2,0.086633,8.897083,1
2,100000,100,3,0.073391,8.870984,1
2,100000,100,4,0.054858,8.858668,1
2,100000,100,5,0.100407,8.855425,1
2,100000,100,6,0.080656,8.861260,1
2,100000,100,7,0.067470,8.850804,1
2,100000,100,8,0.055028,8.852199,1
2,100000,100,9,0.074015,8.842214,1
2,100000,100,10,0.081722,8.843544,1
2,100000,100,11,0.064429,8.841136,1
2,100000,100,12,0.055484,8.843170,1
2,100000,100,13,0.056939,8.846269,1
2,100000,100,14,0.061090,8.849999,1
2,100000,100,15,0.061199,8.852617,1
2,100000,100,16,0.062797,8.851474,1
2,100000,100,17,0.072089,8.853791,1
2,100000,100,18,0.070324,8.858423,1
2,100000,100,19,0.057979,8.849647,1
2,100000,100,20,0.059150,8.843611,1
2,100000,100,21,0.069225,8.841494,1
2,100000,100,22,0.063982,8.841608,1
2,100000,100,23,0.064492,8.846457,1
2,100000,100,24,0.069274,8.845038,1
2,100000,10000,1,14.281659,88.569116,1
2,100000,10000,2,8.427786,88.609538,1
2,100000,10000,3,6.621307,88.545691,1
2,100000,10000,4,5.227241,88.469916,1
2,100000,10000,5,5.586001,88.589689,1
2,100000,10000,6,5.519384,88.649223,1
2,100000,10000,7,5.423954,88.597376,1
2,100000,10000,8,5.255870,88.575062,1
2,100000,10000,9,5.614814,88.522388,1
2,100000,10000,10,5.308536,88.539158,1
2,100000,10000,11,5.765881,88.590761,1
2,100000,10000,12,5.259130,88.591070,1
2,100000,10000,13,5.293806,88.462914,1
2,100000,10000,14,5.269657,88.424669,1
2,100000,10000,15,5.584118,88.496326,1
2,100000,10000,16,5.296480,88.548965,1
2,100000,10000,17,5.395409,88.543413,1
2,100000,10000,18,5.314058,88.602090,1
2,100000,10000,19,5.468826,88.513680,1
2,100000,10000,20,5.873279,88.592053,1
2,100000,10000,21,6.025823,88.592426,1
2,100000,10000,22,5.342881,88.584473,1
2,100000,10000,23,5.487772,88.551882,1
2,100000,10000,24,5.314123,88.628137,1
1,100000,1000,1,1.044441,25.075140,2
1,100000,1000,2,0.550997,25.149360,2
1,100000,1000,3,0.424691,25.186280,2
1,100000,1000,4,0.375251,25.214800,2
1,100000,1000,5,0.451543,25.193640,2
1,100000,1000,6,0.408669,25.198300,2
1,100000,1000,7,0.443760,25.209120,2
1,100000,1000,8,0.437226,25.206800,2
1,100000,1000,9,0.420046,25.251040,2
1,100000,1000,10,0.386747,25.242080,2
1,100000,1000,11,0.441245,25.220660,2
1,100000,1000,12,0.387781,25.256740,2
1,100000,1000,13,0.376766,25.270760,2
1,100000,1000,14,0.416184,25.282420,2
1,100000,1000,15,0.414971,25.307340,2
1,100000,1000,16,0.401386,25.346400,2
1,100000,1000,17,0.402594,25.301900,2
1,100000,1000,18,0.397593,25.317700,2
1,100000,1000,19,0.403232,25.309140,2
1,100000,1000,20,0.403145,25.338720,2
1,100000,1000,21,0.388234,25.340300,2
1,100000,1000,22,0.385886,25.353040,2
1,100000,1000,23,0.401276,25.355360,2
1,100000,1000,24,0.373382,25.345120,2
1,100000,100,1,0.099997,7.964240,2
1,100000,100,2,0.066598,7.946600,2
1,100000,100,3,0.046957,7.944440,2
1,100000,100,4,0.038611,7.987520,2
1,100000,100,5,0.071513,7.971180,2
1,100000,100,6,0.092772,7.975920,2
1,100000,100,7,0.047329,7.987820,2
1,100000,100,8,0.053648,7.985200,2
1,100000,100,9,0.053140,7.986200,2
1,100000,100,10,0.047635,7.990780,2
1,100000,100,11,0.049079,7.999300,2
1,100000,100,12,0.050683,7.992480,2
1,100000,100,13,0.047807,7.982740,2
1,100000,100,14,0.058410,7.983860,2
1,100000,100,15,0.053198,7.974660,2
1,100000,100,16,0.039802,7.986920,2
1,100000,100,17,0.061474,7.977480,2
1,100000,100,18,0.050095,7.978980,2
1,100000,100,19,0.047923,7.978080,2
1,100000,100,20,0.048556,7.971000,2
1,100000,100,21,0.053963,7.972080,2
1,100000,100,22,0.047067,7.973180,2
1,100000,100,23,0.041064,7.976560,2
1,100000,100,24,0.043183,7.980660,2
1,100000,10000,1,8.926733,79.729740,2
1,100000,10000,2,5.264422,79.609080,2
1,100000,10000,3,3.919736,79.535160,2
1,100000,10000,4,3.531291,79.754880,2
1,100000,10000,5,4.954565,79.662140,2
1,100000,10000,6,5.178616,79.682760,2
1,100000,10000,7,6.380918,79.738720,2
1,100000,10000,8,3.548335,79.740300,2
1,100000,10000,9,3.829295,79.837900,2
1,100000,10000,10,4.108492,79.884860,2
1,100000,10000,11,3.868822,79.911420,2
1,100000,10000,12,3.700326,79.917840,2
1,100000,10000,13,4.844499,79.873180,2
1,100000,10000,14,3.484241,79.848640,2
1,100000,10000,15,3.778996,79.906520,2
1,100000,10000,16,3.497140,79.988700,2
1,100000,10000,17,3.473756,80.050220,2
1,100000,10000,18,3.503985,79.979200,2
1,100000,10000,19,3.648915,80.082660,2
1,100000,10000,20,3.518778,80.001540,2
1,100000,10000,21,3.683293,80.021300,2
1,100000,10000,22,3.494622,79.978920,2
1,100000,10000,23,3.643208,79.892660,2
1,100000,10000,24,3.473923,79.855860,2
2,100000,1000,1,1.529899,28.015027,2
2,100000,1000,2,0.900247,28.011264,2
2,100000,1000,3,0.659957,28.102514,2
2,100000,1000,4,0.562758,28.091974,2
2,100000,1000,5,0.733087,28.110929,2
2,100000,1000,6,0.776751,28.125224,2
2,100000,1000,7,0.640522,28.115438,2
2,100000,1000,8,0.567574,28.152358,2
2,100000,1000,9,0.610117,28.143927,2
2,100000,1000,10,0.710979,28.140643,2
2,100000,1000,11,0.631599,28.131151,2
2,100000,1000,12,0.596015,28.113440,2
2,100000,1000,13,0.609007,28.115802,2
2,100000,1000,14,0.582044,28.119853,2
2,100000,1000,15,0.599375,28.130993,2
2,100000,1000,16,0.616475,28.117356,2
2,100000,1000,17,0.566580,28.125532,2
2,100000,1000,18,0.559463,28.131090,2
2,100000,1000,19,0.592604,28.119374,2
2,100000,1000,20,0.686865,28.120833,2
2,100000,1000,21,0.578936,28.113168,2
2,100000,1000,22,0.573373,28.101023,2
2,100000,1000,23,0.579869,28.086397,2
2,100000,1000,24,0.587891,28.088713,2
2,100000,100,1,0.147890,8.866495,2
2,100000,100,2,0.081896,8.897083,2
2,100000,100,3,0.073556,8.870984,2
2,100000,100,4,0.054790,8.858668,2
2,100000,100,5,0.098308,8.855425,2
2,100000,100,6,0.082491,8.861260,2
2,100000,100,7,0.078315,8.850804,2
2,100000,100,8,0.058592,8.852199,2
2,100000,100,9,0.073884,8.842214,2
2,100000,100,10,0.073777,8.843544,2
2,100000,100,11,0.061045,8.841136,2
2,100000,100,12,0.071711,8.843170,2
2,100000,100,13,0.069433,8.846269,2
2,100000,100,14,0.065267,8.849999,2
2,100000,100,15,0.058894,8.852617,2
2,100000,100,16,0.064756,8.851474,2
2,100000,100,17,0.059548,8.853791,2
2,100000,100,18,0.067826,8.858423,2
2,100000,100,19,0.077645,8.849647,2
2,100000,100,20,0.075937,8.843611,2
2,100000,100,21,0.070853,8.841494,2
2,100000,100,22,0.060470,8.841608,2
2,100000,100,23,0.071877,8.846457,2
2,100000,100,24,0.063497,8.845038,2
2,100000,10000,1,14.314134,88.569116,2
2,100000,10000,2,8.073929,88.609538,2
2,100000,10000,3,6.288336,88.545691,2
2,100000,10000,4,5.377512,88.469916,2
2,100000,10000,5,5.554392,88.589689,2
2,100000,10000,6,5.481542,88.649223,2
2,100000,10000,7,5.631220,88.597376,2
2,100000,10000,8,5.287932,88.575062,2
2,100000,10000,9,5.328970,88.522388,2
2,100000,10000,10,5.295207,88.539158,2
2,100000,10000,11,5.367188,88.590761,2
2,100000,10000,12,5.298140,88.591070,2
2,100000,10000,13,5.424264,88.462914,2
2,100000,10000,14,5.666250,88.424669,2
2,100000,10000,15,5.532269,88.496326,2
2,100000,10000,16,5.275470,88.548965,2
2,100000,10000,17,5.412095,88.543413,2
2,100000,10000,18,5.303824,88.602090,2
2,100000,10000,19,5.517306,88.513680,2
2,100000,10000,20,5.302941,88.592053,2
2,100000,10000,21,5.411940,88.592426,2
2,100000,10000,22,5.425323,88.584473,2
2,100000,10000,23,5.558071,88.551882,2
2,100000,10000,24,5.591676,88.628137,2
1,100000,1000,1,1.011790,25.075140,3
1,100000,1000,2,0.548232,25.149360,3
1,100000,1000,3,0.471987,25.186280,3
1,100000,1000,4,0.389183,25.214800,3
1,100000,1000,5,0.428584,25.193640,3
1,100000,1000,6,0.462406,25.198300,3
1,100000,1000,7,0.504014,25.209120,3
1,100000,1000,8,0.425980,25.206800,3
1,100000,1000,9,0.388941,25.251040,3
1,100000,1000,10,0.408264,25.242080,3
1,100000,1000,11,0.433284,25.220660,3
1,100000,1000,12,0.380432,25.256740,3
1,100000,1000,13,0.410521,25.270760,3
1,100000,1000,14,0.392255,25.282420,3
1,100000,1000,15,0.405398,25.307340,3
1,100000,1000,16,0.382409,25.346400,3
1,100000,1000,17,0.419133,25.301900,3
1,100000,1000,18,0.389727,25.317700,3
1,100000,1000,19,0.399512,25.309140,3
1,100000,1000,20,0.378951,25.338720,3
1,100000,1000,21,0.400226,25.340300,3
1,100000,1000,22,0.408963,25.353040,3
1,100000,1000,23,0.399415,25.355360,3
1,100000,1000,24,0.421749,25.345120,3
1,100000,100,1,0.098055,7.964240,3
1,100000,100,2,0.049077,7.946600,3
1,100000,100,3,0.053628,7.944440,3
1,100000,100,4,0.038284,7.987520,3
1,100000,100,5,0.053533,7.971180,3
1,100000,100,6,0.059580,7.975920,3
1,100000,100,7,0.081097,7.987820,3
1,100000,100,8,0.065877,7.985200,3
1,100000,100,9,0.078979,7.986200,3
1,100000,100,10,0.075500,7.990780,3
1,100000,100,11,0.076651,7.999300,3
1,100000,100,12,0.049685,7.992480,3
1,100000,100,13,0.073471,7.982740,3
1,100000,100,14,0.040690,7.983860,3
1,100000,100,15,0.049370,7.974660,3
1,100000,100,16,0.047500,7.986920,3
1,100000,100,17,0.044600,7.977480,3
1,100000,100,18,0.047333,7.978980,3
1,100000,100,19,0.047784,7.978080,3
1,100000,100,20,0.047077,7.971000,3
1,100000,100,21,0.049023,7.972080,3
1,100000,100,22,0.060822,7.973180,3
1,100000,100,23,0.039783,7.976560,3
1,100000,100,24,0.046915,7.980660,3
1,100000,10000,1,8.841875,79.729740,3
1,100000,10000,2,5.165480,79.609080,3
1,100000,10000,3,3.932779,79.535160,3
1,100000,10000,4,3.485438,79.754880,3
1,100000,10000,5,4.443713,79.662140,3
1,100000,10000,6,5.023214,79.682760,3
1,100000,10000,7,5.648058,79.738720,3
1,100000,10000,8,5.676212,79.740300,3
1,100000,10000,9,4.883986,79.837900,3
1,100000,10000,10,4.265170,79.884860,3
1,100000,10000,11,3.852551,79.911420,3
1,100000,10000,12,3.646167,79.917840,3
1,100000,10000,13,3.501064,79.873180,3
1,100000,10000,14,3.513885,79.848640,3
1,100000,10000,15,3.745632,79.906520,3
1,100000,10000,16,3.535838,79.988700,3
1,100000,10000,17,3.758375,80.050220,3
1,100000,10000,18,3.548932,79.979200,3
1,100000,10000,19,3.581068,80.082660,3
1,100000,10000,20,3.558810,80.001540,3
1,100000,10000,21,3.638003,80.021300,3
1,100000,10000,22,3.525051,79.978920,3
1,100000,10000,23,3.817187,79.892660,3
1,100000,10000,24,3.918071,79.855860,3
2,100000,1000,1,1.492086,28.015027,3
2,100000,1000,2,0.852514,28.011264,3
2,100000,1000,3,0.701584,28.102514,3
2,100000,1000,4,0.580632,28.091974,3
2,100000,1000,5,0.653420,28.110929,3
2,100000,1000,6,0.684346,28.125224,3
2,100000,1000,7,0.650424,28.115438,3
2,100000,1000,8,0.617020,28.152358,3
2,100000,1000,9,0.603433,28.143927,3
2,100000,1000,10,0.581071,28.140643,3
2,100000,1000,11,0.634469,28.131151,3
2,100000,1000,12,0.591826,28.113440,3
2,100000,1000,13,0.606303,28.115802,3
2,100000,1000,14,0.579646,28.119853,3
2,100000,1000,15,0.621546,28.130993,3
2,100000,1000,16,0.614259,28.117356,3
2,100000,1000,17,0.607473,28.125532,3
2,100000,1000,18,0.602933,28.131090,3
2,100000,1000,19,0.599513,28.119374,3
2,100000,1000,20,0.603837,28.120833,3
2,100000,1000,21,0.585143,28.113168,3
2,100000,1000,22,0.569059,28.101023,3
2,100000,1000,23,0.600261,28.086397,3
2,100000,1000,24,0.568128,28.088713,3
2,100000,100,1,0.163618,8.866495,3
2,100000,100,2,0.082980,8.897083,3
2,100000,100,3,0.136893,8.870984,3
2,100000,100,4,0.060526,8.858668,3
2,100000,100,5,0.098762,8.855425,3
2,100000,100,6,0.099111,8.861260,3
2,100000,100,7,0.070567,8.850804,3
2,100000,100,8,0.056283,8.852199,3
2,100000,100,9,0.073107,8.842214,3
2,100000,100,10,0.073959,8.843544,3
2,100000,100,11,0.091093,8.841136,3
2,100000,100,12,0.066840,8.843170,3
2,100000,100,13,0.066545,8.846269,3
2,100000,100,14,0.089662,8.849999,3
2,100000,100,15,0.060219,8.852617,3
2,100000,100,16,0.065134,8.851474,3
2,100000,100,17,0.067358,8.853791,3
2,100000,100,18,0.074479,8.858423,3
2,100000,100,19,0.067292,8.849647,3
2,100000,100,20,0.065147,8.843611,3
2,100000,100,21,0.061985,8.841494,3
2,100000,100,22,0.062158,8.841608,3
2,100000,100,23,0.068811,8.846457,3
2,100000,100,24,0.071182,8.845038,3
2,100000,10000,1,14.467741,88.569116,3
2,100000,10000,2,8.086223,88.609538,3
2,100000,10000,3,6.215723,88.545691,3
2,100000,10000,4,5.527409,88.469916,3
2,100000,10000,5,5.707680,88.589689,3
2,100000,10000,6,5.473301,88.649223,3
2,100000,10000,7,6.364756,88.597376,3
2,100000,10000,8,5.676478,88.575062,3
2,100000,10000,9,5.709994,88.522388,3
2,100000,10000,10,5.651009,88.539158,3
2,100000,10000,11,5.949125,88.590761,3
2,100000,10000,12,5.611010,88.591070,3
2,100000,10000,13,5.354626,88.462914,3
2,100000,10000,14,5.328557,88.424669,3
2,100000,10000,15,5.628729,88.496326,3
2,100000,10000,16,5.574908,88.548965,3
2,100000,10000,17,5.453386,88.543413,3
2,100000,10000,18,5.437823,88.602090,3
2,100000,10000,19,6.460888,88.513680,3
2,100000,10000,20,5.374743,88.592053,3
2,100000,10000,21,5.519306,88.592426,3
2,100000,10000,22,5.483952,88.584473,3
2,100000,10000,23,5.441118,88.551882,3
2,100000,10000,24,5.360585,88.628137,3
1,100000,1000,1,1.163211,25.075140,4
1,100000,1000,2,0.613216,25.149360,4
1,100000,1000,3,0.532903,25.186280,4
1,100000,1000,4,0.402255,25.214800,4
1,100000,1000,5,0.516936,25.193640,4
1,100000,1000,6,0.458205,25.198300,4
1,100000,1000,7,0.446825,25.209120,4
1,100000,1000,8,0.406766,25.206800,4
1,100000,1000,9,0.460152,25.251040,4
1,100000,1000,10,0.404249,25.242080,4
1,100000,1000,11,0.509830,25.220660,4
1,100000,1000,12,0.410602,25.256740,4
1,100000,1000,13,0.394479,25.270760,4
1,100000,1000,14,0.386800,25.282420,4
1,100000,1000,15,0.505539,25.307340,4
1,100000,1000,16,0.385655,25.346400,4
1,100000,1000,17,0.414806,25.301900,4
1,100000,1000,18,0.415915,25.317700,4
1,100000,1000,19,0.407646,25.309140,4
1,100000,1000,20,0.386255,25.338720,4
1,100000,1000,21,0.397905,25.340300,4
1,100000,1000,22,0.382734,25.353040,4
1,100000,1000,23,0.400310,25.355360,4
1,100000,1000,24,0.388696,25.345120,4
1,100000,100,1,0.099381,7.964240,4
1,100000,100,2,0.059280,7.946600,4
1,100000,100,3,0.048100,7.944440,4
1,100000,100,4,0.044615,7.987520,4
1,100000,100,5,0.051475,7.971180,4
1,100000,100,6,0.056671,7.975920,4
1,100000,100,7,0.049452,7.987820,4
1,100000,100,8,0.038328,7.985200,4
1,100000,100,9,0.067568,7.986200,4
1,100000,100,10,0.053423,7.990780,4
1,100000,100,11,0.055270,7.999300,4
1,100000,100,12,0.050388,7.992480,4
1,100000,100,13,0.047438,7.982740,4
1,100000,100,14,0.055592,7.983860,4
1,100000,100,15,0.052569,7.974660,4
1,100000,100,16,0.048308,7.986920,4
1,100000,100,17,0.046396,7.977480,4
1,100000,100,18,0.052794,7.978980,4
1,100000,100,19,0.049507,7.978080,4
1,100000,100,20,0.045897,7.971000,4
1,100000,100,21,0.044034,7.972080,4
1,100000,100,22,0.048193,7.973180,4
1,100000,100,23,0.043904,7.976560,4
1,100000,100,24,0.044325,7.980660,4
1,100000,10000,1,8.862947,79.729740,4
1,100000,10000,2,5.229234,79.609080,4
1,100000,10000,3,3.919789,79.535160,4
1,100000,10000,4,3.444746,79.754880,4
1,100000,10000,5,3.607191,79.662140,4
1,100000,10000,6,3.683893,79.682760,4
1,100000,10000,7,3.713408,79.738720,4
1,100000,10000,8,3.540463,79.740300,4
1,100000,10000,9,3.547322,79.837900,4
1,100000,10000,10,3.470637,79.884860,4
1,100000,10000,11,3.803408,79.911420,4
1,100000,10000,12,3.482949,79.917840,4
1,100000,10000,13,3.546873,79.873180,4
1,100000,10000,14,3.499586,79.848640,4
1,100000,10000,15,3.726655,79.906520,4
1,100000,10000,16,3.472946,79.988700,4
1,100000,10000,17,3.496039,80.050220,4
1,100000,10000,18,3.465335,79.979200,4
1,100000,10000,19,3.610838,80.082660,4
1,100000,10000,20,3.481886,80.001540,4
1,100000,10000,21,3.580689,80.021300,4
1,100000,10000,22,3.675917,79.978920,4
1,100000,10000,23,3.600686,79.892660,4
1,100000,10000,24,3.491881,79.855860,4
2,100000,1000,1,1.480564,28.015027,4
2,100000,1000,2,0.863040,28.011264,4
2,100000,1000,3,0.647498,28.102514,4
2,100000,1000,4,0.575553,28.091974,4
2,100000,1000,5,0.603547,28.110929,4
2,100000,1000,6,0.634647,28.125224,4
2,100000,1000,7,0.651081,28.115438,4
2,100000,1000,8,0.563528,28.152358,4
2,100000,1000,9,0.612290,28.143927,4
2,100000,1000,10,0.604567,28.140643,4
2,100000,1000,11,0.608676,28.131151,4
2,100000,1000,12,0.574034,28.113440,4
2,100000,1000,13,0.590724,28.115802,4
2,100000,1000,14,0.583539,28.119853,4
2,100000,1000,15,0.594365,28.130993,4
2,100000,1000,16,0.565909,28.117356,4
2,100000,1000,17,0.562395,28.125532,4
2,100000,1000,18,0.560706,28.131090,4
2,100000,1000,19,0.584895,28.119374,4
2,100000,1000,20,0.603848,28.120833,4
2,100000,1000,21,0.612357,28.113168,4
2,100000,1000,22,0.576067,28.101023,4
2,100000,1000,23,0.594410,28.086397,4
2,100000,1000,24,0.591217,28.088713,4
2,100000,100,1,0.147504,8.866495,4
2,100000,100,2,0.093613,8.897083,4
2,100000,100,3,0.081154,8.870984,4
2,100000,100,4,0.060212,8.858668,4
2,100000,100,5,0.102952,8.855425,4
2,100000,100,6,0.078973,8.861260,4
2,100000,100,7,0.066519,8.850804,4
2,100000,100,8,0.055916,8.852199,4
2,100000,100,9,0.080711,8.842214,4
2,100000,100,10,0.101338,8.843544,4
2,100000,100,11,0.073169,8.841136,4
2,100000,100,12,0.115655,8.843170,4
2,100000,100,13,0.066513,8.846269,4
2,100000,100,14,0.063038,8.849999,4
2,100000,100,15,0.062193,8.852617,4
2,100000,100,16,0.077017,8.851474,4
2,100000,100,17,0.059993,8.853791,4
2,100000,100,18,0.068626,8.858423,4
2,100000,100,19,0.058316,8.849647,4
2,100000,100,20,0.059718,8.843611,4
2,100000,100,21,0.076794,8.841494,4
2,100000,100,22,0.060694,8.841608,4
2,100000,100,23,0.062423,8.846457,4
2,100000,100,24,0.069927,8.845038,4
2,100000,10000,1,14.454699,88.569116,4
2,100000,10000,2,8.187763,88.609538,4
2,100000,10000,3,6.236042,88.545691,4
2,100000,10000,4,5.364138,88.469916,4
2,100000,10000,5,5.541168,88.589689,4
2,100000,10000,6,5.396607,88.649223,4
2,100000,10000,7,5.714170,88.597376,4
2,100000,10000,8,5.400422,88.575062,4
2,100000,10000,9,5.848442,88.522388,4
2,100000,10000,10,5.529846,88.539158,4
2,100000,10000,11,5.712189,88.590761,4
2,100000,10000,12,5.287561,88.591070,4
2,100000,10000,13,5.406687,88.462914,4
2,100000,10000,14,5.307501,88.424669,4
2,100000,10000,15,5.770543,88.496326,4
2,100000,10000,16,5.368596,88.548965,4
2,100000,10000,17,5.375111,88.543413,4
2,100000,10000,18,5.304526,88.602090,4
2,100000,10000,19,5.437028,88.513680,4
2,100000,10000,20,5.470881,88.592053,4
2,100000,10000,21,5.417926,88.592426,4
2,100000,10000,22,5.653796,88.584473,4
2,100000,10000,23,5.492010,88.551882,4
2,100000,10000,24,5.347417,88.628137,4
1,100000,1000,1,1.006192,25.075140,5
1,100000,1000,2,0.572967,25.149360,5
1,100000,1000,3,0.447937,25.186280,5
1,100000,1000,4,0.379310,25.214800,5
1,100000,1000,5,0.433025,25.193640,5
1,100000,1000,6,0.426677,25.198300,5
1,100000,1000,7,0.538239,25.209120,5
1,100000,1000,8,0.380387,25.206800,5
1,100000,1000,9,0.433180,25.251040,5
1,100000,1000,10,0.400608,25.242080,5
1,100000,1000,11,0.414921,25.220660,5
1,100000,1000,12,0.453270,25.256740,5
1,100000,1000,13,0.392357,25.270760,5
1,100000,1000,14,0.392923,25.282420,5
1,100000,1000,15,0.589059,25.307340,5
1,100000,1000,16,0.393466,25.346400,5
1,100000,1000,17,0.422218,25.301900,5
1,100000,1000,18,0.412157,25.317700,5
1,100000,1000,19,0.396360,25.309140,5
1,100000,1000,20,0.394416,25.338720,5
1,100000,1000,21,0.411335,25.340300,5
1,100000,1000,22,0.385783,25.353040,5
1,100000,1000,23,0.399390,25.355360,5
1,100000,1000,24,0.396653,25.345120,5
1,100000,100,1,0.098403,7.964240,5
1,100000,100,2,0.060275,7.946600,5
1,100000,100,3,0.051709,7.944440,5
1,100000,100,4,0.044115,7.987520,5
1,100000,100,5,0.058084,7.971180,5
1,100000,100,6,0.053639,7.975920,5
1,100000,100,7,0.046867,7.987820,5
1,100000,100,8,0.038190,7.985200,5
1,100000,100,9,0.078142,7.986200,5
1,100000,100,10,0.065577,7.990780,5
1,100000,100,11,0.055718,7.999300,5
1,100000,100,12,0.051839,7.992480,5
1,100000,100,13,0.048495,7.982740,5
1,100000,100,14,0.045571,7.983860,5
1,100000,100,15,0.067619,7.974660,5
1,100000,100,16,0.042657,7.986920,5
1,100000,100,17,0.047644,7.977480,5
1,100000,100,18,0.047150,7.978980,5
1,100000,100,19,0.040760,7.978080,5
1,100000,100,20,0.042344,7.971000,5
1,100000,100,21,0.054375,7.972080,5
1,100000,100,22,0.053660,7.973180,5
1,100000,100,23,0.044071,7.976560,5
1,100000,100,24,0.045815,7.980660,5
1,100000,10000,1,8.882377,79.729740,5
1,100000,10000,2,5.131048,79.609080,5
1,100000,10000,3,4.353755,79.535160,5
1,100000,10000,4,5.143235,79.754880,5
1,100000,10000,5,6.526526,79.662140,5
1,100000,10000,6,6.278767,79.682760,5
1,100000,10000,7,5.158733,79.738720,5
1,100000,10000,8,4.999247,79.740300,5
1,100000,10000,9,3.846617,79.837900,5
1,100000,10000,10,4.403863,79.884860,5
1,100000,10000,11,4.050197,79.911420,5
1,100000,10000,12,3.581984,79.917840,5
1,100000,10000,13,3.598580,79.873180,5
1,100000,10000,14,3.618354,79.848640,5
1,100000,10000,15,3.642817,79.906520,5
1,100000,10000,16,3.577240,79.988700,5
1,100000,10000,17,3.782929,80.050220,5
1,100000,10000,18,3.607882,79.979200,5
1,100000,10000,19,3.693019,80.082660,5
1,100000,10000,20,3.787004,80.001540,5
1,100000,10000,21,3.992769,80.021300,5
1,100000,10000,22,3.613155,79.978920,5
1,100000,10000,23,3.893910,79.892660,5
1,100000,10000,24,4.197560,79.855860,5
2,100000,1000,1,1.526405,28.015027,5
2,100000,1000,2,0.860276,28.011264,5
2,100000,1000,3,0.682978,28.102514,5
2,100000,1000,4,0.591572,28.091974,5
2,100000,1000,5,0.742218,28.110929,5
2,100000,1000,6,0.622629,28.125224,5
2,100000,1000,7,0.672675,28.115438,5
2,100000,1000,8,0.606792,28.152358,5
2,100000,1000,9,0.658943,28.143927,5
2,100000,1000,10,0.720066,28.140643,5
2,100000,1000,11,0.649815,28.131151,5
2,100000,1000,12,0.651285,28.113440,5
2,100000,1000,13,0.594826,28.115802,5
2,100000,1000,14,0.569073,28.119853,5
2,100000,1000,15,0.598886,28.130993,5
2,100000,1000,16,0.596438,28.117356,5
2,100000,1000,17,0.611866,28.125532,5
2,100000,1000,18,0.575251,28.131090,5
2,100000,1000,19,0.613661,28.119374,5
2,100000,1000,20,0.593639,28.120833,5
2,100000,1000,21,0.615947,28.113168,5
2,100000,1000,22,0.692252,28.101023,5
2,100000,1000,23,0.586528,28.086397,5
2,100000,1000,24,0.746840,28.088713,5
2,100000,100,1,0.167644,8.866495,5
2,100000,100,2,0.095129,8.897083,5
2,100000,100,3,0.070400,8.870984,5
2,100000,100,4,0.069182,8.858668,5
2,100000,100,5,0.146500,8.855425,5
2,100000,100,6,0.130283,8.861260,5
2,100000,100,7,0.069369,8.850804,5
2,100000,100,8,0.084241,8.852199,5
2,100000,100,9,0.077508,8.842214,5
2,100000,100,10,0.063395,8.843544,5
2,100000,100,11,0.067134,8.841136,5
2,100000,100,12,0.065428,8.843170,5
2,100000,100,13,0.083928,8.846269,5
2,100000,100,14,0.063925,8.849999,5
2,100000,100,15,0.058563,8.852617,5
2,100000,100,16,0.065712,8.851474,5
2,100000,100,17,0.065619,8.853791,5
2,100000,100,18,0.068981,8.858423,5
2,100000,100,19,0.064414,8.849647,5
2,100000,100,20,0.065581,8.843611,5
2,100000,100,21,0.068080,8.841494,5
2,100000,100,22,0.072004,8.841608,5
2,100000,100,23,0.061996,8.846457,5
2,100000,100,24,0.068493,8.845038,5
2,100000,10000,1,14.389474,88.569116,5
2,100000,10000,2,8.239905,88.609538,5
2,100000,10000,3,6.157067,88.545691,5
2,100000,10000,4,5.512546,88.469916,5
2,100000,10000,5,5.532032,88.589689,5
2,100000,10000,6,5.715963,88.649223,5
2,100000,10000,7,5.603138,88.597376,5
2,100000,10000,8,5.282152,88.575062,5
2,100000,10000,9,5.320831,88.522388,5
2,100000,10000,10,5.805556,88.539158,5
2,100000,10000,11,5.938157,88.590761,5
2,100000,10000,12,5.414745,88.591070,5
2,100000,10000,13,5.324793,88.462914,5
2,100000,10000,14,5.298649,88.424669,5
2,100000,10000,15,5.566932,88.496326,5
2,100000,10000,16,5.277043,88.548965,5
2,100000,10000,17,5.383068,88.543413,5
2,100000,10000,18,5.289902,88.602090,5
2,100000,10000,19,5.507685,88.513680,5
2,100000,10000,20,5.328183,88.592053,5
2,100000,10000,21,5.503108,88.592426,5
2,100000,10000,22,5.498757,88.584473,5
2,100000,10000,23,5.388200,88.551882,5
2,100000,10000,24,5.326710,88.628137,5
1,100000,1000,1,1.032708,25.075140,6
1,100000,1000,2,0.568188,25.149360,6
1,100000,1000,3,0.441908,25.186280,6
1,100000,1000,4,0.378059,25.214800,6
1,100000,1000,5,0.444917,25.193640,6
1,100000,1000,6,0.420538,25.198300,6
1,100000,1000,7,0.449093,25.209120,6
1,100000,1000,8,0.440170,25.206800,6
1,100000,1000,9,0.396882,25.251040,6
1,100000,1000,10,0.388282,25.242080,6
1,100000,1000,11,0.432726,25.220660,6
1,100000,1000,12,0.376164,25.256740,6
1,100000,1000,13,0.390160,25.270760,6
1,100000,1000,14,0.392565,25.282420,6
1,100000,1000,15,0.427697,25.307340,6
1,100000,1000,16,0.394329,25.346400,6
1,100000,1000,17,0.408730,25.301900,6
1,100000,1000,18,0.407227,25.317700,6
1,100000,1000,19,0.413925,25.309140,6
1,100000,1000,20,0.397103,25.338720,6
1,100000,1000,21,0.411096,25.340300,6
1,100000,1000,22,0.397234,25.353040,6
1,100000,1000,23,0.400570,25.355360,6
1,100000,1000,24,0.423933,25.345120,6
1,100000,100,1,0.098207,7.964240,6
1,100000,100,2,0.057052,7.946600,6
1,100000,100,3,0.048313,7.944440,6
1,100000,100,4,0.038552,7.987520,6
1,100000,100,5,0.070052,7.971180,6
1,100000,100,6,0.057919,7.975920,6
1,100000,100,7,0.048193,7.987820,6
1,100000,100,8,0.065338,7.985200,6
1,100000,100,9,0.059563,7.986200,6
1,100000,100,10,0.048617,7.990780,6
1,100000,100,11,0.043120,7.999300,6
1,100000,100,12,0.038495,7.992480,6
1,100000,100,13,0.044093,7.982740,6
1,100000,100,14,0.051260,7.983860,6
1,100000,100,15,0.041256,7.974660,6
1,100000,100,16,0.048547,7.986920,6
1,100000,100,17,0.058576,7.977480,6
1,100000,100,18,0.043326,7.978980,6
1,100000,100,19,0.052251,7.978080,6
1,100000,100,20,0.051579,7.971000,6
1,100000,100,21,0.043503,7.972080,6
1,100000,100,22,0.051843,7.973180,6
1,100000,100,23,0.044106,7.976560,6
1,100000,100,24,0.050005,7.980660,6
1,100000,10000,1,8.873719,79.729740,6
1,100000,10000,2,5.273254,79.609080,6
1,100000,10000,3,3.906244,79.535160,6
1,100000,10000,4,3.450216,79.754880,6
1,100000,10000,5,3.621958,79.662140,6
1,100000,10000,6,3.667665,79.682760,6
1,100000,10000,7,3.632942,79.738720,6
1,100000,10000,8,3.476028,79.740300,6
1,100000,10000,9,3.598061,79.837900,6
1,100000,10000,10,3.544924,79.884860,6
1,100000,10000,11,3.717480,79.911420,6
1,100000,10000,12,3.471389,79.917840,6
1,100000,10000,13,3.518497,79.873180,6
1,100000,10000,14,3.489499,79.848640,6
1,100000,10000,15,4.158409,79.906520,6
1,100000,10000,16,4.119288,79.988700,6
1,100000,10000,17,3.578864,80.050220,6
1,100000,10000,18,3.966805,79.979200,6
1,100000,10000,19,3.583224,80.082660,6
1,100000,10000,20,3.493445,80.001540,6
1,100000,10000,21,3.485640,80.021300,6
1,100000,10000,22,3.489200,79.978920,6
1,100000,10000,23,3.627360,79.892660,6
1,100000,10000,24,3.461989,79.855860,6
2,100000,1000,1,1.481875,28.015027,6
2,100000,1000,2,0.867707,28.011264,6
2,100000,1000,3,0.634928,28.102514,6
2,100000,1000,4,0.554140,28.091974,6
2,100000,1000,5,0.615595,28.110929,6
2,100000,1000,6,0.646891,28.125224,6
2,100000,1000,7,0.663193,28.115438,6
2,100000,1000,8,0.581174,28.152358,6
2,100000,1000,9,0.599459,28.143927,6
2,100000,1000,10,0.681059,28.140643,6
2,100000,1000,11,0.651693,28.131151,6
2,100000,1000,12,0.572492,28.113440,6
2,100000,1000,13,0.589475,28.115802,6
2,100000,1000,14,0.562640,28.119853,6
2,100000,1000,15,0.617846,28.130993,6
2,100000,1000,16,0.585742,28.117356,6
2,100000,1000,17,0.603928,28.125532,6
2,100000,1000,18,0.724940,28.131090,6
2,100000,1000,19,0.600411,28.119374,6
2,100000,1000,20,0.593339,28.120833,6
2,100000,1000,21,0.606090,28.113168,6
2,100000,1000,22,0.611687,28.101023,6
2,100000,1000,23,0.595690,28.086397,6
2,100000,1000,24,0.572744,28.088713,6
2,100000,100,1,0.149418,8.866495,6
2,100000,100,2,0.102263,8.897083,6
2,100000,100,3,0.069306,8.870984,6
2,100000,100,4,0.055724,8.858668,6
2,100000,100,5,0.105419,8.855425,6
2,100000,100,6,0.128437,8.861260,6
2,100000,100,7,0.066625,8.850804,6
2,100000,100,8,0.056299,8.852199,6
2,100000,100,9,0.068035,8.842214,6
2,100000,100,10,0.073121,8.843544,6
2,100000,100,11,0.060643,8.841136,6
2,100000,100,12,0.059745,8.843170,6
2,100000,100,13,0.067744,8.846269,6
2,100000,100,14,0.061661,8.849999,6
2,100000,100,15,0.065831,8.852617,6
2,100000,100,16,0.069767,8.851474,6
2,100000,100,17,0.065273,8.853791,6
2,100000,100,18,0.061879,8.858423,6
2,100000,100,19,0.060324,8.849647,6
2,100000,100,20,0.064782,8.843611,6
2,100000,100,21,0.067808,8.841494,6
2,100000,100,22,0.066143,8.841608,6
2,100000,100,23,0.063969,8.846457,6
2,100000,100,24,0.062977,8.845038,6
2,100000,10000,1,14.253080,88.569116,6
2,100000,10000,2,8.047535,88.609538,6
2,100000,10000,3,6.132182,88.545691,6
2,100000,10000,4,5.299455,88.469916,6
2,100000,10000,5,5.549397,88.589689,6
2,100000,10000,6,6.295473,88.649223,6
2,100000,10000,7,5.856041,88.597376,6
2,100000,10000,8,5.288119,88.575062,6
2,100000,10000,9,5.260973,88.522388,6
2,100000,10000,10,5.621442,88.539158,6
2,100000,10000,11,5.769657,88.590761,6
2,100000,10000,12,5.253864,88.591070,6
2,100000,10000,13,5.295705,88.462914,6
2,100000,10000,14,5.302647,88.424669,6
2,100000,10000,15,5.555142,88.496326,6
2,100000,10000,16,5.427364,88.548965,6
2,100000,10000,17,5.861529,88.543413,6
2,100000,10000,18,6.332194,88.602090,6
2,100000,10000,19,6.630215,88.513680,6
2,100000,10000,20,6.257890,88.592053,6
2,100000,10000,21,6.671464,88.592426,6
2,100000,10000,22,6.095627,88.584473,6
2,100000,10000,23,6.651014,88.551882,6
2,100000,10000,24,5.527327,88.628137,6
1,100000,1000,1,1.386114,25.075140,7
1,100000,1000,2,0.580180,25.149360,7
1,100000,1000,3,0.437830,25.186280,7
1,100000,1000,4,0.375460,25.214800,7
1,100000,1000,5,0.493362,25.193640,7
1,100000,1000,6,0.518755,25.198300,7
1,100000,1000,7,0.453753,25.209120,7
1,100000,1000,8,0.412081,25.206800,7
1,100000,1000,9,0.425242,25.251040,7
1,100000,1000,10,0.455263,25.242080,7
1,100000,1000,11,0.454982,25.220660,7
1,100000,1000,12,0.392257,25.256740,7
1,100000,1000,13,0.436418,25.270760,7
1,100000,1000,14,0.437209,25.282420,7
1,100000,1000,15,0.540711,25.307340,7
1,100000,1000,16,0.510589,25.346400,7
1,100000,1000,17,0.517659,25.301900,7
1,100000,1000,18,0.418188,25.317700,7
1,100000,1000,19,0.503224,25.309140,7
1,100000,1000,20,0.410408,25.338720,7
1,100000,1000,21,0.407749,25.340300,7
1,100000,1000,22,0.398246,25.353040,7
1,100000,1000,23,0.400003,25.355360,7
1,100000,1000,24,0.402996,25.345120,7
1,100000,100,1,0.105498,7.964240,7
1,100000,100,2,0.072182,7.946600,7
1,100000,100,3,0.050651,7.944440,7
1,100000,100,4,0.047546,7.987520,7
1,100000,100,5,0.071353,7.971180,7
1,100000,100,6,0.055536,7.975920,7
1,100000,100,7,0.049001,7.987820,7
1,100000,100,8,0.039107,7.985200,7
1,100000,100,9,0.072823,7.986200,7
1,100000,100,10,0.053611,7.990780,7
1,100000,100,11,0.062833,7.999300,7
1,100000,100,12,0.065454,7.992480,7
1,100000,100,13,0.061677,7.982740,7
1,100000,100,14,0.057313,7.983860,7
1,100000,100,15,0.064957,7.974660,7
1,100000,100,16,0.049657,7.986920,7
1,100000,100,17,0.050731,7.977480,7
1,100000,100,18,0.050936,7.978980,7
1,100000,100,19,0.044510,7.978080,7
1,100000,100,20,0.050830,7.971000,7
1,100000,100,21,0.049447,7.972080,7
1,100000,100,22,0.058825,7.973180,7
1,100000,100,23,0.040648,7.976560,7
1,100000,100,24,0.053801,7.980660,7
1,100000,10000,1,9.400167,79.729740,7
1,100000,10000,2,5.165796,79.609080,7
1,100000,10000,3,4.154542,79.535160,7
1,100000,10000,4,3.942545,79.754880,7
1,100000,10000,5,3.711107,79.662140,7
1,100000,10000,6,3.619228,79.682760,7
1,100000,10000,7,3.721341,79.738720,7
1,100000,10000,8,3.508430,79.740300,7
1,100000,10000,9,3.561323,79.837900,7
1,100000,10000,10,3.488643,79.884860,7
1,100000,10000,11,3.642792,79.911420,7
1,100000,10000,12,3.490421,79.917840,7
1,100000,10000,13,3.481891,79.873180,7
1,100000,10000,14,3.502820,79.848640,7
1,100000,10000,15,3.668184,79.906520,7
1,100000,10000,16,3.569236,79.988700,7
1,100000,10000,17,3.662008,80.050220,7
1,100000,10000,18,3.508555,79.979200,7
1,100000,10000,19,3.996492,80.082660,7
1,100000,10000,20,3.510380,80.001540,7
1,100000,10000,21,3.558053,80.021300,7
1,100000,10000,22,3.483535,79.978920,7
1,100000,10000,23,3.619866,79.892660,7
1,100000,10000,24,3.554898,79.855860,7
2,100000,1000,1,1.483534,28.015027,7
2,100000,1000,2,0.873515,28.011264,7
2,100000,1000,3,0.655391,28.102514,7
2,100000,1000,4,0.557522,28.091974,7
2,100000,1000,5,0.624068,28.110929,7
2,100000,1000,6,0.601766,28.125224,7
2,100000,1000,7,0.653448,28.115438,7
2,100000,1000,8,0.604886,28.152358,7
2,100000,1000,9,0.590642,28.143927,7
2,100000,1000,10,0.600323,28.140643,7
2,100000,1000,11,0.594536,28.131151,7
2,100000,1000,12,0.561155,28.113440,7
2,100000,1000,13,0.579087,28.115802,7
2,100000,1000,14,0.566746,28.119853,7
2,100000,1000,15,0.591583,28.130993,7
2,100000,1000,16,0.568989,28.117356,7
2,100000,1000,17,0.607782,28.125532,7
2,100000,1000,18,0.574357,28.131090,7
2,100000,1000,19,0.584816,28.119374,7
2,100000,1000,20,0.570794,28.120833,7
2,100000,1000,21,0.592147,28.113168,7
2,100000,1000,22,0.584305,28.101023,7
2,100000,1000,23,0.588424,28.086397,7
2,100000,1000,24,0.587729,28.088713,7
2,100000,100,1,0.148317,8.866495,7
2,100000,100,2,0.090306,8.897083,7
2,100000,100,3,0.066629,8.870984,7
2,100000,100,4,0.055118,8.858668,7
2,100000,100,5,0.099772,8.855425,7
2,100000,100,6,0.074693,8.861260,7
2,100000,100,7,0.068454,8.850804,7
2,100000,100,8,0.099385,8.852199,7
2,100000,100,9,0.117545,8.842214,7
2,100000,100,10,0.093543,8.843544,7
2,100000,100,11,0.084001,8.841136,7
2,100000,100,12,0.068860,8.843170,7
2,100000,100,13,0.067212,8.846269,7
2,100000,100,14,0.062899,8.849999,7
2,100000,100,15,0.059673,8.852617,7
2,100000,100,16,0.062961,8.851474,7
2,100000,100,17,0.071041,8.853791,7
2,100000,100,18,0.062110,8.858423,7
2,100000,100,19,0.069517,8.849647,7
2,100000,100,20,0.088347,8.843611,7
2,100000,100,21,0.151388,8.841494,7
2,100000,100,22,0.069941,8.841608,7
2,100000,100,23,0.058865,8.846457,7
2,100000,100,24,0.060313,8.845038,7
2,100000,10000,1,14.253439,88.569116,7
2,100000,10000,2,8.143450,88.609538,7
2,100000,10000,3,6.097233,88.545691,7
2,100000,10000,4,5.292186,88.469916,7
2,100000,10000,5,5.718290,88.589689,7
2,100000,10000,6,5.402227,88.649223,7
2,100000,10000,7,5.496646,88.597376,7
2,100000,10000,8,5.493955,88.575062,7
2,100000,10000,9,5.318258,88.522388,7
2,100000,10000,10,5.286220,88.539158,7
2,100000,10000,11,5.408374,88.590761,7
2,100000,10000,12,5.289277,88.591070,7
2,100000,10000,13,5.337686,88.462914,7
2,100000,10000,14,5.324217,88.424669,7
2,100000,10000,15,5.594324,88.496326,7
2,100000,10000,16,5.601399,88.548965,7
2,100000,10000,17,5.466326,88.543413,7
2,100000,10000,18,5.353147,88.602090,7
2,100000,10000,19,5.426788,88.513680,7
2,100000,10000,20,5.305822,88.592053,7
2,100000,10000,21,5.408460,88.592426,7
2,100000,10000,22,5.347729,88.584473,7
2,100000,10000,23,5.389561,88.551882,7
2,100000,10000,24,5.376828,88.628137,7
1,100000,1000,1,1.013125,25.075140,8
1,100000,1000,2,0.562771,25.149360,8
1,100000,1000,3,0.453353,25.186280,8
1,100000,1000,4,0.390050,25.214800,8
1,100000,1000,5,0.475914,25.193640,8
1,100000,1000,6,0.464159,25.198300,8
1,100000,1000,7,0.449602,25.209120,8
1,100000,1000,8,0.403591,25.206800,8
1,100000,1000,9,0.422372,25.251040,8
1,100000,1000,10,0.399528,25.242080,8
1,100000,1000,11,0.414633,25.220660,8
1,100000,1000,12,0.393009,25.256740,8
1,100000,1000,13,0.381436,25.270760,8
1,100000,1000,14,0.409766,25.282420,8
1,100000,1000,15,0.439388,25.307340,8
1,100000,1000,16,0.378225,25.346400,8
1,100000,1000,17,0.411326,25.301900,8
1,100000,1000,18,0.385764,25.317700,8
1,100000,1000,19,0.400072,25.309140,8
1,100000,1000,20,0.381967,25.338720,8
1,100000,1000,21,0.413403,25.340300,8
1,100000,1000,22,0.403328,25.353040,8
1,100000,1000,23,0.405525,25.355360,8
1,100000,1000,24,0.396146,25.345120,8
1,100000,100,1,0.098242,7.964240,8
1,100000,100,2,0.052122,7.946600,8
1,100000,100,3,0.045774,7.944440,8
1,100000,100,4,0.038333,7.987520,8
1,100000,100,5,0.051933,7.971180,8
1,100000,100,6,0.054932,7.975920,8
1,100000,100,7,0.050068,7.987820,8
1,100000,100,8,0.041245,7.985200,8
1,100000,100,9,0.056350,7.986200,8
1,100000,100,10,0.046997,7.990780,8
1,100000,100,11,0.042048,7.999300,8
1,100000,100,12,0.047198,7.992480,8
1,100000,100,13,0.043844,7.982740,8
1,100000,100,14,0.048277,7.983860,8
1,100000,100,15,0.049340,7.974660,8
1,100000,100,16,0.056554,7.986920,8
1,100000,100,17,0.061658,7.977480,8
1,100000,100,18,0.042984,7.978980,8
1,100000,100,19,0.044486,7.978080,8
1,100000,100,20,0.041547,7.971000,8
1,100000,100,21,0.050988,7.972080,8
1,100000,100,22,0.049318,7.973180,8
1,100000,100,23,0.050459,7.976560,8
1,100000,100,24,0.048730,7.980660,8
1,100000,10000,1,8.855027,79.729740,8
1,100000,10000,2,5.180939,79.609080,8
1,100000,10000,3,3.982564,79.535160,8
1,100000,10000,4,3.486837,79.754880,8
1,100000,10000,5,3.754099,79.662140,8
1,100000,10000,6,3.599049,79.682760,8
1,100000,10000,7,3.641091,79.738720,8
1,100000,10000,8,3.578604,79.740300,8
1,100000,10000,9,3.566255,79.837900,8
1,100000,10000,10,3.516331,79.884860,8
1,100000,10000,11,3.943659,79.911420,8
1,100000,10000,12,3.498044,79.917840,8
1,100000,10000,13,3.496657,79.873180,8
1,100000,10000,14,3.456828,79.848640,8
1,100000,10000,15,3.576989,79.906520,8
1,100000,10000,16,3.543201,79.988700,8
1,100000,10000,17,3.474415,80.050220,8
1,100000,10000,18,3.474483,79.979200,8
1,100000,10000,19,3.589278,80.082660,8
1,100000,10000,20,3.468657,80.001540,8
1,100000,10000,21,3.869832,80.021300,8
1,100000,10000,22,3.476133,79.978920,8
1,100000,10000,23,3.637589,79.892660,8
1,100000,10000,24,3.535802,79.855860,8
2,100000,1000,1,1.477810,28.015027,8
2,100000,1000,2,0.859541,28.011264,8
2,100000,1000,3,0.665813,28.102514,8
2,100000,1000,4,0.550597,28.091974,8
2,100000,1000,5,0.752620,28.110929,8
2,100000,1000,6,0.692877,28.125224,8
2,100000,1000,7,0.657045,28.115438,8
2,100000,1000,8,0.550820,28.152358,8
2,100000,1000,9,0.582795,28.143927,8
2,100000,1000,10,0.558971,28.140643,8
2,100000,1000,11,0.644373,28.131151,8
2,100000,1000,12,0.560882,28.113440,8
2,100000,1000,13,0.584675,28.115802,8
2,100000,1000,14,0.554432,28.119853,8
2,100000,1000,15,0.606451,28.130993,8
2,100000,1000,16,0.578158,28.117356,8
2,100000,1000,17,0.580807,28.125532,8
2,100000,1000,18,0.574082,28.131090,8
2,100000,1000,19,0.610524,28.119374,8
2,100000,1000,20,0.574762,28.120833,8
2,100000,1000,21,0.617380,28.113168,8
2,100000,1000,22,0.583064,28.101023,8
2,100000,1000,23,0.600387,28.086397,8
2,100000,1000,24,0.597650,28.088713,8
2,100000,100,1,0.146956,8.866495,8
2,100000,100,2,0.079639,8.897083,8
2,100000,100,3,0.073123,8.870984,8
2,100000,100,4,0.054524,8.858668,8
2,100000,100,5,0.099651,8.855425,8
2,100000,100,6,0.073207,8.861260,8
2,100000,100,7,0.108076,8.850804,8
2,100000,100,8,0.095135,8.852199,8
2,100000,100,9,0.066856,8.842214,8
2,100000,100,10,0.093424,8.843544,8
2,100000,100,11,0.060257,8.841136,8
2,100000,100,12,0.087418,8.843170,8
2,100000,100,13,0.069518,8.846269,8
2,100000,100,14,0.061257,8.849999,8
2,100000,100,15,0.069272,8.852617,8
2,100000,100,16,0.090391,8.851474,8
2,100000,100,17,0.070009,8.853791,8
2,100000,100,18,0.078721,8.858423,8
2,100000,100,19,0.096776,8.849647,8
2,100000,100,20,0.058537,8.843611,8
2,100000,100,21,0.069020,8.841494,8
2,100000,100,22,0.060753,8.841608,8
2,100000,100,23,0.070603,8.846457,8
2,100000,100,24,0.065784,8.845038,8
2,100000,10000,1,14.252822,88.569116,8
2,100000,10000,2,8.155705,88.609538,8
2,100000,10000,3,6.216839,88.545691,8
2,100000,10000,4,5.246857,88.469916,8
2,100000,10000,5,5.507205,88.589689,8
2,100000,10000,6,6.157454,88.649223,8
2,100000,10000,7,7.036894,88.597376,8
2,100000,10000,8,6.954445,88.575062,8
2,100000,10000,9,6.935090,88.522388,8
2,100000,10000,10,6.297662,88.539158,8
2,100000,10000,11,5.771874,88.590761,8
2,100000,10000,12,5.572732,88.591070,8
2,100000,10000,13,5.448070,88.462914,8
2,100000,10000,14,5.450510,88.424669,8
2,100000,10000,15,5.627306,88.496326,8
2,100000,10000,16,5.402359,88.548965,8
2,100000,10000,17,5.496104,88.543413,8
2,100000,10000,18,5.503238,88.602090,8
2,100000,10000,19,5.807766,88.513680,8
2,100000,10000,20,5.413092,88.592053,8
2,100000,10000,21,5.852516,88.592426,8
2,100000,10000,22,5.445720,88.584473,8
2,100000,10000,23,5.952290,88.551882,8
2,100000,10000,24,5.430707,88.628137,8
1,100000,1000,1,1.062240,25.075140,9
1,100000,1000,2,0.593740,25.149360,9
1,100000,1000,3,0.516394,25.186280,9
1,100000,1000,4,0.376096,25.214800,9
1,100000,1000,5,0.492248,25.193640,9
1,100000,1000,6,0.403156,25.198300,9
1,100000,1000,7,0.533874,25.209120,9
1,100000,1000,8,0.457756,25.206800,9
1,100000,1000,9,0.417576,25.251040,9
1,100000,1000,10,0.416007,25.242080,9
1,100000,1000,11,0.441949,25.220660,9
1,100000,1000,12,0.422266,25.256740,9
1,100000,1000,13,0.397244,25.270760,9
1,100000,1000,14,0.384310,25.282420,9
1,100000,1000,15,0.413968,25.307340,9
1,100000,1000,16,0.387552,25.346400,9
1,100000,1000,17,0.393710,25.301900,9
1,100000,1000,18,0.425401,25.317700,9
1,100000,1000,19,0.401206,25.309140,9
1,100000,1000,20,0.407175,25.338720,9
1,100000,1000,21,0.394934,25.340300,9
1,100000,1000,22,0.389400,25.353040,9
1,100000,1000,23,0.403158,25.355360,9
1,100000,1000,24,0.390767,25.345120,9
1,100000,100,1,0.102273,7.964240,9
1,100000,100,2,0.063433,7.946600,9
1,100000,100,3,0.051593,7.944440,9
1,100000,100,4,0.037715,7.987520,9
1,100000,100,5,0.071997,7.971180,9
1,100000,100,6,0.061040,7.975920,9
1,100000,100,7,0.068880,7.987820,9
1,100000,100,8,0.052533,7.985200,9
1,100000,100,9,0.050594,7.986200,9
1,100000,100,10,0.049976,7.990780,9
1,100000,100,11,0.043660,7.999300,9
1,100000,100,12,0.040075,7.992480,9
1,100000,100,13,0.045527,7.982740,9
1,100000,100,14,0.043981,7.983860,9
1,100000,100,15,0.050439,7.974660,9
1,100000,100,16,0.048744,7.986920,9
1,100000,100,17,0.057464,7.977480,9
1,100000,100,18,0.050657,7.978980,9
1,100000,100,19,0.046244,7.978080,9
1,100000,100,20,0.047433,7.971000,9
1,100000,100,21,0.053666,7.972080,9
1,100000,100,22,0.053497,7.973180,9
1,100000,100,23,0.045072,7.976560,9
1,100000,100,24,0.045122,7.980660,9
1,100000,10000,1,8.983375,79.729740,9
1,100000,10000,2,5.165784,79.609080,9
1,100000,10000,3,4.002510,79.535160,9
1,100000,10000,4,3.463247,79.754880,9
1,100000,10000,5,3.725647,79.662140,9
1,100000,10000,6,3.588640,79.682760,9
1,100000,10000,7,3.645642,79.738720,9
1,100000,10000,8,3.508522,79.740300,9
1,100000,10000,9,3.513125,79.837900,9
1,100000,10000,10,3.458886,79.884860,9
1,100000,10000,11,3.666818,79.911420,9
1,100000,10000,12,3.471456,79.917840,9
1,100000,10000,13,3.506035,79.873180,9
1,100000,10000,14,3.502312,79.848640,9
1,100000,10000,15,3.726361,79.906520,9
1,100000,10000,16,3.639821,79.988700,9
1,100000,10000,17,3.554365,80.050220,9
1,100000,10000,18,3.462251,79.979200,9
1,100000,10000,19,3.654609,80.082660,9
1,100000,10000,20,3.464873,80.001540,9
1,100000,10000,21,3.494558,80.021300,9
1,100000,10000,22,3.605077,79.978920,9
1,100000,10000,23,3.636285,79.892660,9
1,100000,10000,24,3.604704,79.855860,9
2,100000,1000,1,1.507207,28.015027,9
2,100000,1000,2,0.995128,28.011264,9
2,100000,1000,3,0.816081,28.102514,9
2,100000,1000,4,0.555018,28.091974,9
2,100000,1000,5,0.630793,28.110929,9
2,100000,1000,6,0.623314,28.125224,9
2,100000,1000,7,0.696979,28.115438,9
2,100000,1000,8,0.591869,28.152358,9
2,100000,1000,9,0.576138,28.143927,9
2,100000,1000,10,0.578128,28.140643,9
2,100000,1000,11,0.609355,28.131151,9
2,100000,1000,12,0.584816,28.113440,9
2,100000,1000,13,0.594867,28.115802,9
2,100000,1000,14,0.579757,28.119853,9
2,100000,1000,15,0.584005,28.130993,9
2,100000,1000,16,0.567201,28.117356,9
2,100000,1000,17,0.640235,28.125532,9
2,100000,1000,18,0.572905,28.131090,9
2,100000,1000,19,0.581430,28.119374,9
2,100000,1000,20,0.589387,28.120833,9
2,100000,1000,21,0.580645,28.113168,9
2,100000,1000,22,0.604120,28.101023,9
2,100000,1000,23,0.596355,28.086397,9
2,100000,1000,24,0.607003,28.088713,9
2,100000,100,1,0.149335,8.866495,9
2,100000,100,2,0.084668,8.897083,9
2,100000,100,3,0.067850,8.870984,9
2,100000,100,4,0.054864,8.858668,9
2,100000,100,5,0.104754,8.855425,9
2,100000,100,6,0.082080,8.861260,9
2,100000,100,7,0.142548,8.850804,9
2,100000,100,8,0.060056,8.852199,9
2,100000,100,9,0.079056,8.842214,9
2,100000,100,10,0.067655,8.843544,9
2,100000,100,11,0.079838,8.841136,9
2,100000,100,12,0.060740,8.843170,9
2,100000,100,13,0.067330,8.846269,9
2,100000,100,14,0.069293,8.849999,9
2,100000,100,15,0.082590,8.852617,9
2,100000,100,16,0.068072,8.851474,9
2,100000,100,17,0.063891,8.853791,9
2,100000,100,18,0.081147,8.858423,9
2,100000,100,19,0.070286,8.849647,9
2,100000,100,20,0.070528,8.843611,9
2,100000,100,21,0.069385,8.841494,9
2,100000,100,22,0.060323,8.841608,9
2,100000,100,23,0.065500,8.846457,9
2,100000,100,24,0.063371,8.845038,9
2,100000,10000,1,14.431762,88.569116,9
2,100000,10000,2,8.276100,88.609538,9
2,100000,10000,3,6.231188,88.545691,9
2,100000,10000,4,5.299953,88.469916,9
2,100000,10000,5,5.430296,88.589689,9
2,100000,10000,6,5.639959,88.649223,9
2,100000,10000,7,5.650399,88.597376,9
2,100000,10000,8,5.335754,88.575062,9
2,100000,10000,9,5.353212,88.522388,9
2,100000,10000,10,5.309085,88.539158,9
2,100000,10000,11,5.795313,88.590761,9
2,100000,10000,12,5.320449,88.591070,9
2,100000,10000,13,5.411539,88.462914,9
2,100000,10000,14,5.305090,88.424669,9
2,100000,10000,15,5.779736,88.496326,9
2,100000,10000,16,5.460625,88.548965,9
2,100000,10000,17,5.352767,88.543413,9
2,100000,10000,18,5.366032,88.602090,9
2,100000,10000,19,5.495415,88.513680,9
2,100000,10000,20,5.343704,88.592053,9
2,100000,10000,21,5.517809,88.592426,9
2,100000,10000,22,5.342486,88.584473,9
2,100000,10000,23,5.319240,88.551882,9
2,100000,10000,24,5.517911,88.628137,9
1,100000,1000,1,1.061894,25.075140,10
1,100000,1000,2,0.607728,25.149360,10
1,100000,1000,3,0.549130,25.186280,10
1,100000,1000,4,0.397874,25.214800,10
1,100000,1000,5,0.400504,25.193640,10
1,100000,1000,6,0.431457,25.198300,10
1,100000,1000,7,0.512887,25.209120,10
1,100000,1000,8,0.529995,25.206800,10
1,100000,1000,9,0.423426,25.251040,10
1,100000,1000,10,0.528373,25.242080,10
1,100000,1000,11,0.431127,25.220660,10
1,100000,1000,12,0.408361,25.256740,10
1,100000,1000,13,0.389205,25.270760,10
1,100000,1000,14,0.399165,25.282420,10
1,100000,1000,15,0.414693,25.307340,10
1,100000,1000,16,0.395219,25.346400,10
1,100000,1000,17,0.405692,25.301900,10
1,100000,1000,18,0.396540,25.317700,10
1,100000,1000,19,0.412368,25.309140,10
1,100000,1000,20,0.398940,25.338720,10
1,100000,1000,21,0.398020,25.340300,10
1,100000,1000,22,0.395602,25.353040,10
1,100000,1000,23,0.389723,25.355360,10
1,100000,1000,24,0.382867,25.345120,10
1,100000,100,1,0.101900,7.964240,10
1,100000,100,2,0.051509,7.946600,10
1,100000,100,3,0.053009,7.944440,10
1,100000,100,4,0.039084,7.987520,10
1,100000,100,5,0.070889,7.971180,10
1,100000,100,6,0.050789,7.975920,10
1,100000,100,7,0.075748,7.987820,10
1,100000,100,8,0.062989,7.985200,10
1,100000,100,9,0.052794,7.986200,10
1,100000,100,10,0.053497,7.990780,10
1,100000,100,11,0.055280,7.999300,10
1,100000,100,12,0.056483,7.992480,10
1,100000,100,13,0.051597,7.982740,10
1,100000,100,14,0.044177,7.983860,10
1,100000,100,15,0.047858,7.974660,10
1,100000,100,16,0.054692,7.986920,10
1,100000,100,17,0.042725,7.977480,10
1,100000,100,18,0.047490,7.978980,10
1,100000,100,19,0.051499,7.978080,10
1,100000,100,20,0.050719,7.971000,10
1,100000,100,21,0.052968,7.972080,10
1,100000,100,22,0.044818,7.973180,10
1,100000,100,23,0.052712,7.976560,10
1,100000,100,24,0.041709,7.980660,10
1,100000,10000,1,8.863631,79.729740,10
1,100000,10000,2,5.139284,79.609080,10
1,100000,10000,3,3.944755,79.535160,10
1,100000,10000,4,3.459043,79.754880,10
1,100000,10000,5,3.654746,79.662140,10
1,100000,10000,6,3.742889,79.682760,10
1,100000,10000,7,4.042930,79.738720,10
1,100000,10000,8,3.492601,79.740300,10
1,100000,10000,9,3.685605,79.837900,10
1,100000,10000,10,3.493940,79.884860,10
1,100000,10000,11,3.571741,79.911420,10
1,100000,10000,12,3.468454,79.917840,10
1,100000,10000,13,3.515316,79.873180,10
1,100000,10000,14,3.476644,79.848640,10
1,100000,10000,15,3.685378,79.906520,10
1,100000,10000,16,3.475628,79.988700,10
1,100000,10000,17,3.670897,80.050220,10
1,100000,10000,18,3.464415,79.979200,10
1,100000,10000,19,3.631317,80.082660,10
1,100000,10000,20,3.479292,80.001540,10
1,100000,10000,21,3.532546,80.021300,10
1,100000,10000,22,3.637806,79.978920,10
1,100000,10000,23,3.592431,79.892660,10
1,100000,10000,24,3.465727,79.855860,10
2,100000,1000,1,1.477878,28.015027,10
2,100000,1000,2,0.846624,28.011264,10
2,100000,1000,3,0.634966,28.102514,10
2,100000,1000,4,0.555676,28.091974,10
2,100000,1000,5,0.722514,28.110929,10
2,100000,1000,6,0.673539,28.125224,10
2,100000,1000,7,0.647975,28.115438,10
2,100000,1000,8,0.564941,28.152358,10
2,100000,1000,9,0.625679,28.143927,10
2,100000,1000,10,0.579966,28.140643,10
2,100000,1000,11,0.610652,28.131151,10
2,100000,1000,12,0.575519,28.113440,10
2,100000,1000,13,0.582393,28.115802,10
2,100000,1000,14,0.583810,28.119853,10
2,100000,1000,15,0.574523,28.130993,10
2,100000,1000,16,0.578470,28.117356,10
2,100000,1000,17,0.563603,28.125532,10
2,100000,1000,18,0.575573,28.131090,10
2,100000,1000,19,0.606063,28.119374,10
2,100000,1000,20,0.575000,28.120833,10
2,100000,1000,21,0.627681,28.113168,10
2,100000,1000,22,0.586709,28.101023,10
2,100000,1000,23,0.582234,28.086397,10
2,100000,1000,24,0.580761,28.088713,10
2,100000,100,1,0.147404,8.866495,10
2,100000,100,2,0.076824,8.897083,10
2,100000,100,3,0.076032,8.870984,10
2,100000,100,4,0.056566,8.858668,10
2,100000,100,5,0.099143,8.855425,10
2,100000,100,6,0.082037,8.861260,10
2,100000,100,7,0.088143,8.850804,10
2,100000,100,8,0.077435,8.852199,10
2,100000,100,9,0.068358,8.842214,10
2,100000,100,10,0.070936,8.843544,10
2,100000,100,11,0.068549,8.841136,10
2,100000,100,12,0.069695,8.843170,10
2,100000,100,13,0.075816,8.846269,10
2,100000,100,14,0.067864,8.849999,10
2,100000,100,15,0.066656,8.852617,10
2,100000,100,16,0.063294,8.851474,10
2,100000,100,17,0.064894,8.853791,10
2,100000,100,18,0.065413,8.858423,10
2,100000,100,19,0.061850,8.849647,10
2,100000,100,20,0.075644,8.843611,10
2,100000,100,21,0.063379,8.841494,10
2,100000,100,22,0.065505,8.841608,10
2,100000,100,23,0.064323,8.846457,10
2,100000,100,24,0.057433,8.845038,10
2,100000,10000,1,14.500666,88.569116,10
2,100000,10000,2,8.076573,88.609538,10
2,100000,10000,3,6.309570,88.545691,10
2,100000,10000,4,5.295887,88.469916,10
2,100000,10000,5,5.566320,88.589689,10
2,100000,10000,6,5.460135,88.649223,10
2,100000,10000,7,5.726469,88.597376,10
2,100000,10000,8,5.621609,88.575062,10
2,100000,10000,9,5.473243,88.522388,10
2,100000,10000,10,5.729687,88.539158,10
2,100000,10000,11,5.734628,88.590761,10
2,100000,10000,12,5.281006,88.591070,10
2,100000,10000,13,5.321089,88.462914,10
2,100000,10000,14,5.321675,88.424669,10
2,100000,10000,15,5.567226,88.496326,10
2,100000,10000,16,5.305646,88.548965,10
2,100000,10000,17,5.328725,88.543413,10
2,100000,10000,18,5.297559,88.602090,10
2,100000,10000,19,5.566646,88.513680,10
2,100000,10000,20,5.507480,88.592053,10
2,100000,10000,21,5.362352,88.592426,10
2,100000,10000,22,5.313383,88.584473,10
2,100000,10000,23,5.498213,88.551882,10
2,100000,10000,24,5.421185,88.628137,10
