paso,dist_media
0,0.000000
1,1.000000
2,1.004520
3,1.502420
4,1.501400
5,1.881020
6,1.880940
7,2.191620
8,2.193520
9,2.461820
10,2.459040
11,2.703280
12,2.699400
13,2.925360
14,2.929020
15,3.138440
16,3.136100
17,3.335020
18,3.332980
19,3.521200
20,3.523420
21,3.702760
22,3.704700
23,3.870180
24,3.865620
25,4.032420
26,4.035120
27,4.191760
28,4.192380
29,4.344980
30,4.345960
31,4.496560
32,4.496980
33,4.635780
34,4.633700
35,4.772020
36,4.769940
37,4.901660
38,4.904140
39,5.031220
40,5.029640
41,5.151500
42,5.154440
43,5.273520
44,5.279180
45,5.397880
46,5.399840
47,5.520960
48,5.519800
49,5.634600
50,5.638080
51,5.752220
52,5.751640
53,5.860980
54,5.864860
55,5.975620
56,5.974920
57,6.086760
58,6.087800
59,6.188700
60,6.188940
61,6.291180
62,6.292780
63,6.392920
64,6.394740
65,6.493040
66,6.489400
67,6.592720
68,6.584040
69,6.683380
70,6.680260
71,6.775880
72,6.780740
73,6.878580
74,6.875160
75,6.966660
76,6.968560
77,7.054040
78,7.052280
79,7.144020
80,7.142800
81,7.235280
82,7.239340
83,7.325200
84,7.325420
85,7.408780
86,7.408100
87,7.489160
88,7.486820
89,7.568320
90,7.568960
91,7.655200
92,7.652880
93,7.729040
94,7.735560
95,7.811320
96,7.809100
97,7.893980
98,7.894160
99,7.971640
100,7.969080
