dimension,steps,total_walks,procesos,distancia_promedio,distancia_teorica,error_relativo_pct,tiempo
1,100,1000000,12,7.969636,7.978846,0.115430,0.012262
1,500,1000000,12,17.813142,17.841241,0.157495,0.060062
1,1000,1000000,12,25.235590,25.231325,0.016904,0.119581
1,2000,1000000,12,35.678138,35.682482,0.012174,0.240251
1,5000,1000000,12,56.367114,56.418958,0.091891,0.602154
2,100,1000000,12,8.869186,8.862269,0.078050,0.056148
2,500,1000000,12,19.799361,19.816636,0.087174,0.278639
2,1000,1000000,12,28.030451,28.024956,0.019608,0.552170
2,2000,1000000,12,39.632144,39.633273,0.002849,1.104257
2,5000,1000000,12,62.598301,62.665707,0.107564,2.743150
3,100,1000000,12,9.224691,9.213177,0.124973,0.015731
3,500,1000000,12,20.603225,20.601291,0.009388,0.074844
3,1000,1000000,12,29.136876,29.134625,0.007726,0.150519
3,2000,1000000,12,41.193335,41.202582,0.022443,0.299254
3,5000,1000000,12,65.161872,65.147002,0.022825,0.744218
4,100,1000000,12,9.412441,9.399856,0.133885,0.015820
4,500,1000000,12,21.031691,21.018717,0.061726,0.074720
4,1000,1000000,12,29.756965,29.724955,0.107687,0.148548
4,2000,1000000,12,42.052335,42.037434,0.035447,0.297477
4,5000,1000000,12,66.530158,66.467019,0.094993,0.741629
