dimension,steps,total_walks,procesos,corrida,tiempo
2,1000,10000000,1,1,65.788526
2,1000,10000000,1,2,65.738836
2,1000,10000000,1,3,65.924376
2,1000,10000000,1,4,65.700391
2,1000,10000000,1,5,65.778620
2,1000,10000000,2,1,32.805167
2,1000,10000000,2,2,32.887312
2,1000,10000000,2,3,32.867674
2,1000,10000000,2,4,32.858889
2,1000,10000000,2,5,32.883013
2,1000,10000000,4,1,16.445827
2,1000,10000000,4,2,16.434745
2,1000,10000000,4,3,16.449881
2,1000,10000000,4,4,16.438389
2,1000,10000000,4,5,16.461921
2,1000,10000000,6,1,10.995279
2,1000,10000000,6,2,11.006259
2,1000,10000000,6,3,11.006793
2,1000,10000000,6,4,10.982394
2,1000,10000000,6,5,10.986142
2,1000,10000000,8,1,8.237512
2,1000,10000000,8,2,8.240508
2,1000,10000000,8,3,8.240189
2,1000,10000000,8,4,8.263974
2,1000,10000000,8,5,8.237699
2,1000,10000000,10,1,6.581594
2,1000,10000000,10,2,6.576492
2,1000,10000000,10,3,6.578136
2,1000,10000000,10,4,6.580489
2,1000,10000000,10,5,6.574957
2,1000,10000000,12,1,5.507819
2,1000,10000000,12,2,5.482892
2,1000,10000000,12,3,5.498748
2,1000,10000000,12,4,5.482654
2,1000,10000000,12,5,5.487088
